{
    "loss": 36.57887268066406,
    "accuracy": 0.5686274766921997
}