{
    "loss": 14.110404968261719,
    "accuracy": 0.4313725531101227
}