{
    "loss": 5.987166881561279,
    "accuracy": 0.4313725531101227
}